USE NewOnlineShoppingDB;

-- 1️⃣ Customers Table
INSERT INTO Customers (name, email, phone, address) VALUES
('Aarav Sharma', 'aarav@gmail.com', '9876543210', 'Mumbai, India'),
('Meera Iyer', 'meera@gmail.com', NULL, 'Chennai, India'),
('Rohan Gupta', 'rohan@gmail.com', '9988776655', NULL),
('Sana Khan', 'sana@gmail.com', '9765432109', 'Bangalore, India'),
('Aditya Patel', 'aditya@gmail.com', NULL, NULL),
('Priya Das', 'priya@gmail.com', '9876501234', 'Kolkata, India'),
('Rahul Mehta', 'rahul@gmail.com', '9123456780', 'Delhi, India'),
('Neha Sinha', 'neha@gmail.com', '9345678901', 'Pune, India'),
('Karan Verma', 'karan@gmail.com', NULL, 'Ahmedabad, India'),
('Divya Joshi', 'divya@gmail.com', '9001234567', NULL),
('Anuj Thakur', 'anuj@gmail.com', '9845123456', 'Jaipur, India'),
('Riya Singh', 'riya@gmail.com', NULL, NULL),
('Varun Saxena', 'varun@gmail.com', '9789012345', 'Hyderabad, India'),
('Tanya Rao', 'tanya@gmail.com', '9654321098', 'Lucknow, India'),
('Yash Malhotra', 'yash@gmail.com', NULL, 'Indore, India'),
('Anika Reddy', 'anika@gmail.com', '9898989898', 'Visakhapatnam, India'),
('Arjun Kapoor', 'arjun@gmail.com', '9234567890', 'Goa, India'),
('Ishita Roy', 'ishita@gmail.com', NULL, 'Nagpur, India'),
('Mohit Agarwal', 'mohit@gmail.com', '9012345678', NULL),
('Sneha Dey', 'sneha@gmail.com', '9321456789', 'Patna, India'),
('Aman Khurana', 'aman@gmail.com', NULL, NULL),
('Kriti Menon', 'kriti@gmail.com', '9112233445', 'Surat, India'),
('Nikhil Paul', 'nikhil@gmail.com', '9787891234', 'Thane, India'),
('Shruti Pillai', 'shruti@gmail.com', NULL, 'Bhopal, India'),
('Parth Desai', 'parth@gmail.com', '9345678123', NULL),
('Kavya Nair', 'kavya@gmail.com', '9567894321', 'Coimbatore, India'),
('Gaurav Jain', 'gaurav@gmail.com', '9432109876', NULL),
('Simran Gill', 'simran@gmail.com', NULL, 'Amritsar, India'),
('Rajat Bansal', 'rajat@gmail.com', '9000001111', 'Ranchi, India'),
('Preeti Chawla', 'preeti@gmail.com', '9888777666', 'Vadodara, India');


-- 2️⃣ Products Table
INSERT INTO Products (name, price, stock_quantity) VALUES
('Laptop', 55000.00, 10),
('Smartphone', 20000.00, 25),
('Wireless Mouse', 799.00, NULL),
('Keyboard', 1199.00, 30),
('Earphones', 499.00, 100),
('Monitor', 8500.00, NULL),
('Smartwatch', 3999.00, 20),
('Tablet', 15000.00, 15),
('Webcam', 2200.00, NULL),
('Speakers', 1800.00, 40),
('Charger', 699.00, 60),
('USB Cable', 199.00, 100),
('Power Bank', 999.00, 80),
('Printer', 7500.00, 12),
('Scanner', 5000.00, NULL),
('Graphics Card', 25000.00, 5),
('Router', 1499.00, 22),
('Headset', 1299.00, NULL),
('Microphone', 999.00, 18),
('Projector', 29999.00, 3),
('External HDD', 4500.00, 10),
('SSD 1TB', 5999.00, 8),
('RAM 16GB', 3499.00, 7),
('Motherboard', 8500.00, 6),
('Cooling Pad', 899.00, 13),
('Stylus Pen', 799.00, NULL),
('Laptop Stand', 1299.00, 30),
('VR Headset', 19999.00, 2),
('Camera', 30000.00, NULL),
('Tripod', 1200.00, 14);


-- 3️⃣ Orders Table
INSERT INTO Orders (customer_id, order_date, total_amount) VALUES
(1, '2025-03-01', 60000.00),
(2, '2025-03-02', 25000.00),
(3, NULL, 3500.00),
(4, '2025-03-06', 15000.00),
(5, NULL, 2000.00),
(6, '2025-03-08', NULL),
(7, '2025-03-09', 1800.00),
(8, '2025-03-10', 22000.00),
(9, NULL, NULL),
(10, '2025-03-11', 7999.00),
(11, '2025-03-12', 3500.00),
(12, NULL, 1000.00),
(13, '2025-03-13', 899.00),
(14, '2025-03-13', 6500.00),
(15, '2025-03-14', NULL),
(16, NULL, 1499.00),
(17, '2025-03-14', 35000.00),
(18, '2025-03-15', NULL),
(19, '2025-03-16', 6999.00),
(20, NULL, NULL),
(21, '2025-03-17', 5500.00),
(22, NULL, 4500.00),
(23, '2025-03-18', 999.00),
(24, '2025-03-18', 1200.00),
(25, NULL, 30000.00),
(26, '2025-03-19', 8500.00),
(27, NULL, NULL),
(28, '2025-03-20', 4000.00),
(29, '2025-03-21', 10000.00),
(30, '2025-03-22', 1500.00);


-- 4️⃣ OrderDetails Table
INSERT INTO OrderDetails (order_id, product_id, quantity, price) VALUES
(1, 1, 1, 55000.00),
(1, 3, 1, 799.00),
(2, 2, NULL, 20000.00),
(3, 4, 2, 2398.00),
(4, 5, 3, NULL),
(5, 6, 1, 8500.00),
(6, 7, 2, 7998.00),
(7, 8, 1, 15000.00),
(8, 9, NULL, 2200.00),
(9, 10, 2, 3600.00),
(10, 11, 3, 2097.00),
(11, 12, 2, 398.00),
(12, 13, 1, 999.00),
(13, 14, NULL, 7500.00),
(14, 15, 1, 5000.00),
(15, 16, 2, NULL),
(16, 17, 1, 1299.00),
(17, 18, 2, 1998.00),
(18, 19, 1, 999.00),
(19, 20, 1, 29999.00),
(20, 21, NULL, 4500.00),
(21, 22, 2, 11998.00),
(22, 23, 1, 3499.00),
(23, 24, 1, NULL),
(24, 25, 2, 1798.00),
(25, 26, 1, 1299.00),
(26, 27, 1, 19999.00),
(27, 28, NULL, 30000.00),
(28, 29, 1, 30000.00),
(29, 30, 1, 1200.00);


-- 5️⃣ Delivery Table
INSERT INTO Delivery (order_id, delivery_date, delivery_status) VALUES
(1, '2025-03-05', 'Delivered'),
(2, NULL, 'Pending'),
(3, '2025-03-10', 'Shipped'),
(4, NULL, 'Cancelled'),
(5, '2025-03-12', 'Delivered'),
(6, NULL, 'Pending'),
(7, '2025-03-10', 'Delivered'),
(8, '2025-03-11', 'Delivered'),
(9, NULL, 'Pending'),
(10, '2025-03-13', 'Shipped'),
(11, NULL, 'Cancelled'),
(12, '2025-03-14', 'Delivered'),
(13, '2025-03-15', 'Delivered'),
(14, NULL, 'Pending'),
(15, '2025-03-16', 'Delivered'),
(16, NULL, 'Pending'),
(17, NULL, 'Cancelled'),
(18, '2025-03-17', 'Shipped'),
(19, NULL, 'Pending'),
(20, NULL, 'Pending'),
(21, '2025-03-18', 'Delivered'),
(22, NULL, 'Cancelled'),
(23, '2025-03-19', 'Delivered'),
(24, '2025-03-20', 'Delivered'),
(25, NULL, 'Pending'),
(26, '2025-03-21', 'Delivered'),
(27, NULL, 'Cancelled'),
(28, '2025-03-22', 'Delivered'),
(29, NULL, 'Shipped'),
(30, NULL, 'Pending');


-- 6️⃣ Payment Table
INSERT INTO Payment (order_id, payment_date, payment_method, payment_status) VALUES
(1, '2025-03-01', 'Credit Card', 'Completed'),
(2, '2025-03-02', 'UPI', 'Completed'),
(3, NULL, 'COD', 'Pending'),
(4, '2025-03-06', NULL, 'Failed'),
(5, '2025-03-07', 'Debit Card', 'Completed'),
(6, NULL, 'Net Banking', 'Pending'),
(7, '2025-03-09', 'UPI', 'Completed'),
(8, '2025-03-10', 'Credit Card', 'Completed'),
(9, NULL, 'Debit Card', 'Pending'),
(10, '2025-03-11', 'Net Banking', 'Completed'),
(11, '2025-03-12', 'COD', 'Completed'),
(12, NULL, 'COD', 'Pending'),
(13, '2025-03-13', 'UPI', 'Completed'),
(14, '2025-03-14', NULL, 'Failed'),
(15, NULL, 'Credit Card', 'Pending'),
(16, '2025-03-14', 'UPI', 'Completed'),
(17, NULL, 'COD', 'Pending'),
(18, '2025-03-15', 'Debit Card', 'Completed'),
(19, NULL, 'Net Banking', 'Pending'),
(20, '2025-03-16', 'UPI', 'Completed'),
(21, NULL, 'COD', 'Pending'),
(22, '2025-03-17', 'Credit Card', 'Completed'),
(23, '2025-03-18', NULL, 'Failed'),
(24, NULL, 'UPI', 'Pending'),
(25, '2025-03-18', 'Credit Card', 'Completed'),
(26, NULL, 'Debit Card', 'Pending'),
(27, NULL, 'UPI', 'Pending'),
(28, '2025-03-19', 'Net Banking', 'Completed'),
(29, NULL, NULL, 'Failed'),
(30, '2025-03-22', 'UPI', 'Completed');

